,ensemble,score
0,log+lda+nb,0.7243567732985811
1,log+lda+knn,0.7277920729087365
2,log+lda+svc,0.7239112589488363
3,log+lda+rf,0.7252372721352186
4,log+lda+hgb,0.7295044061870557
5,log+lda+lgb,0.7299462267709623
6,log+lda+cgb,0.7278613109531873
7,log+lda+xgb,0.7311363412850541
8,log+nb+lda,0.7149160997509608
9,log+nb+knn,0.7165459215956214
10,log+nb+svc,0.7123879098762701
11,log+nb+rf,0.710478293101963
12,log+nb+hgb,0.715173795079737
13,log+nb+lgb,0.7113806786330249
14,log+nb+cgb,0.716438406597826
15,log+nb+xgb,0.7104653081046325
16,log+knn+lda,0.7245779443301263
17,log+knn+nb,0.7118599097581366
18,log+knn+svc,0.7179543136878119
19,log+knn+rf,0.717895620926595
20,log+knn+hgb,0.7196825128620397
21,log+knn+lgb,0.7140491116107024
22,log+knn+cgb,0.7187330474947605
23,log+knn+xgb,0.7145858393803417
24,log+svc+lda,0.7245376274404228
25,log+svc+nb,0.7173876783993609
26,log+svc+knn,0.7191074438085682
27,log+svc+rf,0.7198393619719445
28,log+svc+hgb,0.7213052827614348
29,log+svc+lgb,0.7218086697256816
30,log+svc+cgb,0.7244458104467036
31,log+svc+xgb,0.7211719827994323
32,log+rf+lda,0.7306575141479665
33,log+rf+nb,0.7130136716714482
34,log+rf+knn,0.7174197813483814
35,log+rf+svc,0.7192616641876282
36,log+rf+hgb,0.7239254979990692
37,log+rf+lgb,0.7190785849334866
38,log+rf+cgb,0.7107627644613832
39,log+rf+xgb,0.7155332463552437
40,log+hgb+lda,0.7299872407058021
41,log+hgb+nb,0.7116956064244697
42,log+hgb+knn,0.7217220457469373
43,log+hgb+svc,0.7202727973009952
44,log+hgb+rf,0.7075020319911901
45,log+hgb+lgb,0.7124145692844774
46,log+hgb+cgb,0.7182571399233966
47,log+hgb+xgb,0.7162773450492212
48,log+lgb+lda,0.716766944135526
49,log+lgb+nb,0.7138224286749028
50,log+lgb+knn,0.7196449742545832
51,log+lgb+svc,0.7178105341324341
52,log+lgb+rf,0.7196964528331501
53,log+lgb+hgb,0.7137190216006382
54,log+lgb+cgb,0.7198401623565759
55,log+lgb+xgb,0.7209337908895779
56,log+cgb+lda,0.7273071075545541
57,log+cgb+nb,0.7097521399186679
58,log+cgb+knn,0.721134085761788
59,log+cgb+svc,0.7174944403497494
60,log+cgb+rf,0.7206412512507707
61,log+cgb+hgb,0.7227227603298719
62,log+cgb+lgb,0.7157080514304706
63,log+cgb+xgb,0.7229968963658057
64,log+xgb+lda,0.7301095019163185
65,log+xgb+nb,0.7091079098631345
66,log+xgb+knn,0.7245206767865656
67,log+xgb+svc,0.713977695319852
68,log+xgb+rf,0.7243006954776833
69,log+xgb+hgb,0.71742796823076
70,log+xgb+lgb,0.7158469779801225
71,log+xgb+cgb,0.7184200715412428
72,lda+log+nb,0.7176199667422225
73,lda+log+knn,0.726362370423866
74,lda+log+svc,0.730329085883006
75,lda+log+rf,0.725665191725229
76,lda+log+hgb,0.7260736390201247
77,lda+log+lgb,0.726083978637911
78,lda+log+cgb,0.7253464683909802
79,lda+log+xgb,0.7282161156143683
80,lda+nb+log,0.7125907258734644
81,lda+nb+knn,0.7132620412719785
82,lda+nb+svc,0.7245826911299498
83,lda+nb+rf,0.7167150881510593
84,lda+nb+hgb,0.7234889177115296
85,lda+nb+lgb,0.7236869167073434
86,lda+nb+cgb,0.717665420469197
87,lda+nb+xgb,0.7142143047158298
88,lda+knn+log,0.728487081069208
89,lda+knn+nb,0.7178810755557583
90,lda+knn+svc,0.720719744054046
91,lda+knn+rf,0.7262112344031018
92,lda+knn+hgb,0.7248401431534641
93,lda+knn+lgb,0.7237716792938145
94,lda+knn+cgb,0.7268193091537278
95,lda+knn+xgb,0.7258442953615645
96,lda+svc+log,0.7279219969246562
97,lda+svc+nb,0.7281697423852471
98,lda+svc+knn,0.7224593688982304
99,lda+svc+rf,0.7230126765268079
100,lda+svc+hgb,0.7246895457524611
101,lda+svc+lgb,0.7311998520158308
102,lda+svc+cgb,0.721319592876702
103,lda+svc+xgb,0.7275110480829021
104,lda+rf+log,0.7266695702863681
105,lda+rf+nb,0.721258285503408
106,lda+rf+knn,0.7271055805390659
107,lda+rf+svc,0.7252485577897607
108,lda+rf+hgb,0.7286671531203176
109,lda+rf+lgb,0.7274026385107966
110,lda+rf+cgb,0.7234181993663034
111,lda+rf+xgb,0.7158143365681013
112,lda+hgb+log,0.73225257985582
113,lda+hgb+nb,0.7180020606721564
114,lda+hgb+knn,0.7255500912364362
115,lda+hgb+svc,0.7293350142738781
116,lda+hgb+rf,0.7262559977355139
117,lda+hgb+lgb,0.7289278217056163
118,lda+hgb+cgb,0.7248916051596492
119,lda+hgb+xgb,0.7259157919202779
120,lda+lgb+log,0.7235769039412862
121,lda+lgb+nb,0.7216089299835835
122,lda+lgb+knn,0.7270749286258097
123,lda+lgb+svc,0.7272047747529123
124,lda+lgb+rf,0.7219123023129617
125,lda+lgb+hgb,0.7256287681548396
126,lda+lgb+cgb,0.7266148919861835
127,lda+lgb+xgb,0.7227825258224627
128,lda+cgb+log,0.7319212862142654
129,lda+cgb+nb,0.7216844686167181
130,lda+cgb+knn,0.7343115759483104
131,lda+cgb+svc,0.7309466495481342
132,lda+cgb+rf,0.729272525914425
133,lda+cgb+hgb,0.7320633983587955
134,lda+cgb+lgb,0.7232266833970763
135,lda+cgb+xgb,0.7226628809072799
136,lda+xgb+log,0.7328467147716862
137,lda+xgb+nb,0.7150729021785202
138,lda+xgb+knn,0.7166995905661816
139,lda+xgb+svc,0.7362892052122132
140,lda+xgb+rf,0.7291709169115818
141,lda+xgb+hgb,0.7164382643055849
142,lda+xgb+lgb,0.7207368833176091
143,lda+xgb+cgb,0.7279556553185451
144,nb+log+lda,0.717241420327775
145,nb+log+knn,0.7062573933468416
146,nb+log+svc,0.7216769377110162
147,nb+log+rf,0.709318909136241
148,nb+log+hgb,0.7061569171471913
149,nb+log+lgb,0.7151782610724269
150,nb+log+cgb,0.7146498962152075
151,nb+log+xgb,0.7147903871958434
152,nb+lda+log,0.7208539073718084
153,nb+lda+knn,0.7190391604903081
154,nb+lda+svc,0.718683284203841
155,nb+lda+rf,0.7217827124326532
156,nb+lda+hgb,0.7189189834594625
157,nb+lda+lgb,0.7133917354248867
158,nb+lda+cgb,0.7262078043983144
159,nb+lda+xgb,0.7206197010400268
160,nb+knn+log,0.7090669010076144
161,nb+knn+lda,0.7136328682679421
162,nb+knn+svc,0.7071958979869581
163,nb+knn+rf,0.704259290927428
164,nb+knn+hgb,0.7025748270928707
165,nb+knn+lgb,0.7051546909238893
166,nb+knn+cgb,0.7070825103726419
167,nb+knn+xgb,0.7022458635170213
168,nb+svc+log,0.7145825698743034
169,nb+svc+lda,0.7227871571028486
170,nb+svc+knn,0.7031792246887788
171,nb+svc+rf,0.7134194805069768
172,nb+svc+hgb,0.7071410287147368
173,nb+svc+lgb,0.7129440239822401
174,nb+svc+cgb,0.704569195263511
175,nb+svc+xgb,0.7069153084271675
176,nb+rf+log,0.7168060565212486
177,nb+rf+lda,0.7165558808094273
178,nb+rf+knn,0.706647244642084
179,nb+rf+svc,0.7054845450951508
180,nb+rf+hgb,0.7075572792390201
181,nb+rf+lgb,0.70678728199835
182,nb+rf+cgb,0.7090847917794463
183,nb+rf+xgb,0.7031329851349595
184,nb+hgb+log,0.72188399688943
185,nb+hgb+lda,0.7260817961418449
186,nb+hgb+knn,0.7060487869787299
187,nb+hgb+svc,0.70353997744658
188,nb+hgb+rf,0.7005736478560916
189,nb+hgb+lgb,0.7076045481311368
190,nb+hgb+cgb,0.7037793423088723
191,nb+hgb+xgb,0.7063498886391549
192,nb+lgb+log,0.7118601980742245
193,nb+lgb+lda,0.7186828857491996
194,nb+lgb+knn,0.701521348862381
195,nb+lgb+svc,0.703003073352354
196,nb+lgb+rf,0.7046377555426838
197,nb+lgb+hgb,0.7085540188661362
198,nb+lgb+cgb,0.7008501407795242
199,nb+lgb+xgb,0.7000633481121936
200,nb+cgb+log,0.7079996362174197
201,nb+cgb+lda,0.7154802582783242
202,nb+cgb+knn,0.7036808337054291
203,nb+cgb+svc,0.7068577917142055
204,nb+cgb+rf,0.7030789261592947
205,nb+cgb+hgb,0.7052724237192678
206,nb+cgb+lgb,0.7072455500455253
207,nb+cgb+xgb,0.7066705773195593
208,nb+xgb+log,0.7148405819037229
209,nb+xgb+lda,0.7190202055874361
210,nb+xgb+knn,0.7033923769239653
211,nb+xgb+svc,0.7006785061370753
212,nb+xgb+rf,0.7028079556265918
213,nb+xgb+hgb,0.7073831211475431
214,nb+xgb+lgb,0.7059412335007765
215,nb+xgb+cgb,0.7072656357276478
216,knn+log+lda,0.7249914569220224
217,knn+log+nb,0.7116440383539367
218,knn+log+svc,0.7154548965420091
219,knn+log+rf,0.7200843324476826
220,knn+log+hgb,0.7213823945918827
221,knn+log+lgb,0.7163658353575569
222,knn+log+cgb,0.7182328041898787
223,knn+log+xgb,0.7245020729634981
224,knn+lda+log,0.720385644355975
225,knn+lda+nb,0.7144634096236497
226,knn+lda+svc,0.722758460770977
227,knn+lda+rf,0.7259594955171422
228,knn+lda+hgb,0.7302362181747919
229,knn+lda+lgb,0.7270500084514975
230,knn+lda+cgb,0.7267413579191115
231,knn+lda+xgb,0.7250325056200415
232,knn+nb+log,0.7094650839872522
233,knn+nb+lda,0.7166277958461019
234,knn+nb+svc,0.7079265312467301
235,knn+nb+rf,0.6981521464755668
236,knn+nb+hgb,0.7064830717205978
237,knn+nb+lgb,0.7004123572456358
238,knn+nb+cgb,0.705681200310793
239,knn+nb+xgb,0.6997778994417413
240,knn+svc+log,0.7259870280481391
241,knn+svc+lda,0.7247256538079144
242,knn+svc+nb,0.705032546236491
243,knn+svc+rf,0.7097157988691712
244,knn+svc+hgb,0.7154827658498897
245,knn+svc+lgb,0.715763268475447
246,knn+svc+cgb,0.7125631786236
247,knn+svc+xgb,0.7126493152798862
248,knn+rf+log,0.7153276355239324
249,knn+rf+lda,0.7203934923611268
250,knn+rf+nb,0.6956232060440812
251,knn+rf+svc,0.7095533026253114
252,knn+rf+hgb,0.7127077192882086
253,knn+rf+lgb,0.7102199400273477
254,knn+rf+cgb,0.7087988843040206
255,knn+rf+xgb,0.7050028923737773
256,knn+hgb+log,0.7124840172861538
257,knn+hgb+lda,0.7293184311571271
258,knn+hgb+nb,0.7072425172063485
259,knn+hgb+svc,0.7200704121453806
260,knn+hgb+rf,0.7163935576057717
261,knn+hgb+lgb,0.713155496451255
262,knn+hgb+cgb,0.7161559763826401
263,knn+hgb+xgb,0.7127580800742689
264,knn+lgb+log,0.7203909172610035
265,knn+lgb+lda,0.7293543197206661
266,knn+lgb+nb,0.7058050691639981
267,knn+lgb+svc,0.7081199103832883
268,knn+lgb+rf,0.709941236974201
269,knn+lgb+hgb,0.7167569684107057
270,knn+lgb+cgb,0.7134911782584878
271,knn+lgb+xgb,0.7144832383220079
272,knn+cgb+log,0.7228873333624881
273,knn+cgb+lda,0.7309798441493928
274,knn+cgb+nb,0.7058129322183725
275,knn+cgb+svc,0.7116619704620362
276,knn+cgb+rf,0.70597204230955
277,knn+cgb+hgb,0.7179910568847834
278,knn+cgb+lgb,0.716536520690376
279,knn+cgb+xgb,0.7146483117177203
280,knn+xgb+log,0.7213156213636929
281,knn+xgb+lda,0.7184612399742243
282,knn+xgb+nb,0.7019195622988494
283,knn+xgb+svc,0.7101180356343579
284,knn+xgb+rf,0.7107958347234675
285,knn+xgb+hgb,0.7058680056345268
286,knn+xgb+lgb,0.7066000391550907
287,knn+xgb+cgb,0.7104430193898542
288,svc+log+lda,0.7318016049253718
289,svc+log+nb,0.7096123552827727
290,svc+log+knn,0.7141685759252911
291,svc+log+rf,0.719031906572739
292,svc+log+hgb,0.7199718498274325
293,svc+log+lgb,0.7193262138264611
294,svc+log+cgb,0.7178076176184622
295,svc+log+xgb,0.7173351038817077
296,svc+lda+log,0.7253477102664739
297,svc+lda+nb,0.7193376209930039
298,svc+lda+knn,0.7238504424326611
299,svc+lda+rf,0.7269007779994361
300,svc+lda+hgb,0.7251718122434003
301,svc+lda+lgb,0.724360864478599
302,svc+lda+cgb,0.7263473016341824
303,svc+lda+xgb,0.7229634642338039
304,svc+nb+log,0.7177982356275966
305,svc+nb+lda,0.7202114024784104
306,svc+nb+knn,0.7028017601880329
307,svc+nb+rf,0.7047883015069953
308,svc+nb+hgb,0.7107448984124557
309,svc+nb+lgb,0.7075844908014385
310,svc+nb+cgb,0.7138271882972032
311,svc+nb+xgb,0.7058919024734762
312,svc+knn+log,0.7165718684893474
313,svc+knn+lda,0.726844337655271
314,svc+knn+nb,0.7003257255677723
315,svc+knn+rf,0.7108869388425375
316,svc+knn+hgb,0.7124800512183629
317,svc+knn+lgb,0.7128686033222559
318,svc+knn+cgb,0.7165118941620341
319,svc+knn+xgb,0.7093343324454835
320,svc+rf+log,0.7185483910347965
321,svc+rf+lda,0.7273128009272185
322,svc+rf+nb,0.7103306070976279
323,svc+rf+knn,0.713971728416174
324,svc+rf+hgb,0.714640962088265
325,svc+rf+lgb,0.7144546047286484
326,svc+rf+cgb,0.7102107660979882
327,svc+rf+xgb,0.7151952953233829
328,svc+hgb+log,0.7224566775297058
329,svc+hgb+lda,0.7290706507998718
330,svc+hgb+nb,0.7100133334929194
331,svc+hgb+knn,0.7149390941075408
332,svc+hgb+rf,0.7123423051625197
333,svc+hgb+lgb,0.712589058870593
334,svc+hgb+cgb,0.7204993002547325
335,svc+hgb+xgb,0.7087184569466702
336,svc+lgb+log,0.7182582168830418
337,svc+lgb+lda,0.7272892950152604
338,svc+lgb+nb,0.7055668581435063
339,svc+lgb+knn,0.710859929945571
340,svc+lgb+rf,0.7103841772886741
341,svc+lgb+hgb,0.7160585289717831
342,svc+lgb+cgb,0.7187773046817518
343,svc+lgb+xgb,0.7124227595201804
344,svc+cgb+log,0.7132292212552283
345,svc+cgb+lda,0.7293077782738575
346,svc+cgb+nb,0.7098123471092727
347,svc+cgb+knn,0.7173711645314087
348,svc+cgb+rf,0.7141069377425653
349,svc+cgb+hgb,0.7152697603585823
350,svc+cgb+lgb,0.7156198460336578
351,svc+cgb+xgb,0.7149880942763882
352,svc+xgb+log,0.7225484946609219
353,svc+xgb+lda,0.7238607415523355
354,svc+xgb+nb,0.7106937042424559
355,svc+xgb+knn,0.7159068677598303
356,svc+xgb+rf,0.7115640472904847
357,svc+xgb+hgb,0.7062746935896255
358,svc+xgb+lgb,0.7115153999644532
359,svc+xgb+cgb,0.7144150762500395
360,rf+log+lda,0.7195551694723944
361,rf+log+nb,0.7106762266800877
362,rf+log+knn,0.7154289816071923
363,rf+log+svc,0.7136980480953184
364,rf+log+hgb,0.7191090691518456
365,rf+log+lgb,0.7189420463266715
366,rf+log+cgb,0.7201569012929214
367,rf+log+xgb,0.7141772919038081
368,rf+lda+log,0.7207230328762351
369,rf+lda+nb,0.7195060964619152
370,rf+lda+knn,0.7239530803620683
371,rf+lda+svc,0.7212192266369367
372,rf+lda+hgb,0.723698860476593
373,rf+lda+lgb,0.7245335845109272
374,rf+lda+cgb,0.7295745886973019
375,rf+lda+xgb,0.7233358408462862
376,rf+nb+log,0.712141871005383
377,rf+nb+lda,0.7240064339577035
378,rf+nb+knn,0.7021584147846227
379,rf+nb+svc,0.7029782671000055
380,rf+nb+hgb,0.6984820624466712
381,rf+nb+lgb,0.700061656570808
382,rf+nb+cgb,0.7098402909683281
383,rf+nb+xgb,0.7071280165198356
384,rf+knn+log,0.718197520532197
385,rf+knn+lda,0.7247341418387517
386,rf+knn+nb,0.7063316394641831
387,rf+knn+svc,0.7028609924139372
388,rf+knn+hgb,0.7099463761626008
389,rf+knn+lgb,0.7085167864268064
390,rf+knn+cgb,0.7126469016363155
391,rf+knn+xgb,0.7115194259240434
392,rf+svc+log,0.7198847291136422
393,rf+svc+lda,0.7239821851121276
394,rf+svc+nb,0.7090928416201085
395,rf+svc+knn,0.7110110641743947
396,rf+svc+hgb,0.7163767251744174
397,rf+svc+lgb,0.7104700454503406
398,rf+svc+cgb,0.7174496596433549
399,rf+svc+xgb,0.7117086424495602
400,rf+hgb+log,0.72158204096726
401,rf+hgb+lda,0.725772141697226
402,rf+hgb+nb,0.7059171593052238
403,rf+hgb+knn,0.7144854393521796
404,rf+hgb+svc,0.717920017957943
405,rf+hgb+lgb,0.718766199870962
406,rf+hgb+cgb,0.716678455809575
407,rf+hgb+xgb,0.7092428089609297
408,rf+lgb+log,0.7211635947395374
409,rf+lgb+lda,0.7228467637597007
410,rf+lgb+nb,0.6969335256906409
411,rf+lgb+knn,0.7091275119913878
412,rf+lgb+svc,0.7118999156880002
413,rf+lgb+hgb,0.7143015659980169
414,rf+lgb+cgb,0.7154259600104009
415,rf+lgb+xgb,0.7129297375564355
416,rf+cgb+log,0.7180855430034649
417,rf+cgb+lda,0.7274617355259516
418,rf+cgb+nb,0.7025117413139885
419,rf+cgb+knn,0.7138668311420078
420,rf+cgb+svc,0.713287633531732
421,rf+cgb+hgb,0.7156809042262255
422,rf+cgb+lgb,0.7201251777360784
423,rf+cgb+xgb,0.7111461802576684
424,rf+xgb+log,0.7141066616581857
425,rf+xgb+lda,0.728718688592046
426,rf+xgb+nb,0.6984900841481378
427,rf+xgb+knn,0.7090527875369232
428,rf+xgb+svc,0.7124624180395266
429,rf+xgb+hgb,0.7077117200277565
430,rf+xgb+lgb,0.7101454143394448
431,rf+xgb+cgb,0.7067548892148439
432,hgb+log+lda,0.7262521578182318
433,hgb+log+nb,0.7156662712270805
434,hgb+log+knn,0.717491820507531
435,hgb+log+svc,0.7197559379693564
436,hgb+log+rf,0.7164884699189291
437,hgb+log+lgb,0.718374646507803
438,hgb+log+cgb,0.7236620232786619
439,hgb+log+xgb,0.7200482365543615
440,hgb+lda+log,0.727078391349736
441,hgb+lda+nb,0.7214037378379412
442,hgb+lda+knn,0.7223810371106774
443,hgb+lda+svc,0.7306020754582573
444,hgb+lda+rf,0.7236911465568862
445,hgb+lda+lgb,0.7254762619302431
446,hgb+lda+cgb,0.7232921260800336
447,hgb+lda+xgb,0.724372759489478
448,hgb+nb+log,0.7121350562880107
449,hgb+nb+lda,0.7198688366926211
450,hgb+nb+knn,0.7026272375732853
451,hgb+nb+svc,0.7098119657672479
452,hgb+nb+rf,0.706371322904389
453,hgb+nb+lgb,0.7083392299787603
454,hgb+nb+cgb,0.7064367624908492
455,hgb+nb+xgb,0.704784246820181
456,hgb+knn+log,0.7248762765115357
457,hgb+knn+lda,0.7239185234251133
458,hgb+knn+nb,0.7078218052565786
459,hgb+knn+svc,0.7163549200492033
460,hgb+knn+rf,0.709707004746549
461,hgb+knn+lgb,0.7119323439633279
462,hgb+knn+cgb,0.7148406310760788
463,hgb+knn+xgb,0.713968303942084
464,hgb+svc+log,0.7196724868872177
465,hgb+svc+lda,0.7324928986571523
466,hgb+svc+nb,0.7047421262621818
467,hgb+svc+knn,0.7123721451313425
468,hgb+svc+rf,0.714064682524236
469,hgb+svc+lgb,0.7195719288128088
470,hgb+svc+cgb,0.7206740402774796
471,hgb+svc+xgb,0.713971335889091
472,hgb+rf+log,0.7195564516739342
473,hgb+rf+lda,0.729813346613626
474,hgb+rf+nb,0.7074230978760969
475,hgb+rf+knn,0.7091859811605125
476,hgb+rf+svc,0.7178026398967369
477,hgb+rf+lgb,0.7080823657848371
478,hgb+rf+cgb,0.7116671003918615
479,hgb+rf+xgb,0.7156555956663861
480,hgb+lgb+log,0.7183384474366388
481,hgb+lgb+lda,0.7239700919539407
482,hgb+lgb+nb,0.7051786656127407
483,hgb+lgb+knn,0.7155210755766948
484,hgb+lgb+svc,0.7139598824690684
485,hgb+lgb+rf,0.7162026371492198
486,hgb+lgb+cgb,0.7076057179026437
487,hgb+lgb+xgb,0.7113716565166616
488,hgb+cgb+log,0.717872796261873
489,hgb+cgb+lda,0.7280660396027241
490,hgb+cgb+nb,0.7111991407139382
491,hgb+cgb+knn,0.7175207163126142
492,hgb+cgb+svc,0.7121074282722343
493,hgb+cgb+rf,0.7188014257536282
494,hgb+cgb+lgb,0.715744182440355
495,hgb+cgb+xgb,0.7027247678473454
496,hgb+xgb+log,0.7139040525407425
497,hgb+xgb+lda,0.7190568606197568
498,hgb+xgb+nb,0.7027682858438774
499,hgb+xgb+knn,0.7108938885296239
500,hgb+xgb+svc,0.7117805580426964
501,hgb+xgb+rf,0.7132238939411824
502,hgb+xgb+lgb,0.7130205214687191
503,hgb+xgb+cgb,0.7130690116432911
504,lgb+log+lda,0.7230483942654653
505,lgb+log+nb,0.722559927337947
506,lgb+log+knn,0.7198731108895571
507,lgb+log+svc,0.7190419485293927
508,lgb+log+rf,0.7165210805460537
509,lgb+log+hgb,0.7251648811504391
510,lgb+log+cgb,0.7228709817246443
511,lgb+log+xgb,0.7168896726146267
512,lgb+lda+log,0.7234158704576608
513,lgb+lda+nb,0.7203979431018033
514,lgb+lda+knn,0.7279979967171917
515,lgb+lda+svc,0.7337546664618415
516,lgb+lda+rf,0.7234815024692332
517,lgb+lda+hgb,0.7292731878415902
518,lgb+lda+cgb,0.7264282865450367
519,lgb+lda+xgb,0.728737709534454
520,lgb+nb+log,0.7121961781459001
521,lgb+nb+lda,0.7247660723873395
522,lgb+nb+knn,0.7029639303837419
523,lgb+nb+svc,0.7084091938653256
524,lgb+nb+rf,0.7095913105898595
525,lgb+nb+hgb,0.7057629143165458
526,lgb+nb+cgb,0.704955494017749
527,lgb+nb+xgb,0.7073357529136259
528,lgb+knn+log,0.7207594129065062
529,lgb+knn+lda,0.7261004489426425
530,lgb+knn+nb,0.7082057836355818
531,lgb+knn+svc,0.7123829166591819
532,lgb+knn+rf,0.7107004186211759
533,lgb+knn+hgb,0.7145661837525928
534,lgb+knn+cgb,0.7131827943848645
535,lgb+knn+xgb,0.7081622184207772
536,lgb+svc+log,0.7232702104259107
537,lgb+svc+lda,0.7279474008015189
538,lgb+svc+nb,0.7112509142793957
539,lgb+svc+knn,0.7101950975876916
540,lgb+svc+rf,0.710878331463177
541,lgb+svc+hgb,0.7168843304786934
542,lgb+svc+cgb,0.7136582179881714
543,lgb+svc+xgb,0.7165269268923065
544,lgb+rf+log,0.7217916374600937
545,lgb+rf+lda,0.7278535450542546
546,lgb+rf+nb,0.6992935888907007
547,lgb+rf+knn,0.7064448116658945
548,lgb+rf+svc,0.7081362845029314
549,lgb+rf+hgb,0.7009482083533062
550,lgb+rf+cgb,0.7074325118431048
551,lgb+rf+xgb,0.7039295576903437
552,lgb+hgb+log,0.7197302115864316
553,lgb+hgb+lda,0.7250005345901054
554,lgb+hgb+nb,0.6991174684356987
555,lgb+hgb+knn,0.7139996452877913
556,lgb+hgb+svc,0.7204030860006356
557,lgb+hgb+rf,0.7175246822022107
558,lgb+hgb+cgb,0.7090159285954067
559,lgb+hgb+xgb,0.7124202650624999
560,lgb+cgb+log,0.7150563816672918
561,lgb+cgb+lda,0.7308370837073789
562,lgb+cgb+nb,0.7091408429884355
563,lgb+cgb+knn,0.7150534464095801
564,lgb+cgb+svc,0.7120708755309128
565,lgb+cgb+rf,0.7106848656107179
566,lgb+cgb+hgb,0.7157266496205223
567,lgb+cgb+xgb,0.7060176358042722
568,lgb+xgb+log,0.7192579407657165
569,lgb+xgb+lda,0.7274465070276273
570,lgb+xgb+nb,0.7071410504768395
571,lgb+xgb+knn,0.7157599432982115
572,lgb+xgb+svc,0.7195075332497016
573,lgb+xgb+rf,0.7119216972604793
574,lgb+xgb+hgb,0.7074974359948389
575,lgb+xgb+cgb,0.7105194796826441
576,cgb+log+lda,0.7264311129630154
577,cgb+log+nb,0.7141419936281114
578,cgb+log+knn,0.7191683295377651
579,cgb+log+svc,0.7222538961938958
580,cgb+log+rf,0.7168365598994229
581,cgb+log+hgb,0.7285758334427213
582,cgb+log+lgb,0.7093931833975163
583,cgb+log+xgb,0.7201633176126869
584,cgb+lda+log,0.7285269474539489
585,cgb+lda+nb,0.720842095418248
586,cgb+lda+knn,0.723857140842816
587,cgb+lda+svc,0.7250707392792595
588,cgb+lda+rf,0.7191640011573288
589,cgb+lda+hgb,0.727579600466596
590,cgb+lda+lgb,0.7268891115940109
591,cgb+lda+xgb,0.7248807366290784
592,cgb+nb+log,0.7154187604476766
593,cgb+nb+lda,0.7151331056872317
594,cgb+nb+knn,0.7081379103616458
595,cgb+nb+svc,0.7135363451793315
596,cgb+nb+rf,0.6989834831696671
597,cgb+nb+hgb,0.7062713634574502
598,cgb+nb+lgb,0.6992523644381333
599,cgb+nb+xgb,0.7031906189092942
600,cgb+knn+log,0.7208792264133054
601,cgb+knn+lda,0.7289976786612936
602,cgb+knn+nb,0.707824766009544
603,cgb+knn+svc,0.7111965253084878
604,cgb+knn+rf,0.7146967586359332
605,cgb+knn+hgb,0.7134380103438274
606,cgb+knn+lgb,0.7112150891393684
607,cgb+knn+xgb,0.7154771830029938
608,cgb+svc+log,0.7240001108496122
609,cgb+svc+lda,0.7323158049352925
610,cgb+svc+nb,0.706088566746674
611,cgb+svc+knn,0.7150511685058716
612,cgb+svc+rf,0.7144719522000225
613,cgb+svc+hgb,0.7121409362738451
614,cgb+svc+lgb,0.7206760382268061
615,cgb+svc+xgb,0.7197924289741113
616,cgb+rf+log,0.7169254683611521
617,cgb+rf+lda,0.7242930770430637
618,cgb+rf+nb,0.7071515404588816
619,cgb+rf+knn,0.7083321851526103
620,cgb+rf+svc,0.7118407008709108
621,cgb+rf+hgb,0.7126615578743857
622,cgb+rf+lgb,0.70523912552966
623,cgb+rf+xgb,0.7057166250731284
624,cgb+hgb+log,0.7186654955758403
625,cgb+hgb+lda,0.7273950209282838
626,cgb+hgb+nb,0.7015102981169481
627,cgb+hgb+knn,0.7086182875221528
628,cgb+hgb+svc,0.7153243491150414
629,cgb+hgb+rf,0.7131856827224339
630,cgb+hgb+lgb,0.7114268114474391
631,cgb+hgb+xgb,0.7123862570297577
632,cgb+lgb+log,0.7205591272205967
633,cgb+lgb+lda,0.7273617102132622
634,cgb+lgb+nb,0.7017582456286384
635,cgb+lgb+knn,0.7104856319238434
636,cgb+lgb+svc,0.7167099107663837
637,cgb+lgb+rf,0.7161111088606344
638,cgb+lgb+hgb,0.7096612120242314
639,cgb+lgb+xgb,0.7163707068163184
640,cgb+xgb+log,0.7151608237096065
641,cgb+xgb+lda,0.7304109102674756
642,cgb+xgb+nb,0.7082366183921776
643,cgb+xgb+knn,0.7134525440563099
644,cgb+xgb+svc,0.717341154836841
645,cgb+xgb+rf,0.7153657742223639
646,cgb+xgb+hgb,0.7075776627699784
647,cgb+xgb+lgb,0.7142159583363314
648,xgb+log+lda,0.7273547070045818
649,xgb+log+nb,0.7095727575326823
650,xgb+log+knn,0.717301779109798
651,xgb+log+svc,0.7183902651833705
652,xgb+log+rf,0.7167298479367173
653,xgb+log+hgb,0.7209827435062498
654,xgb+log+lgb,0.7189671823853854
655,xgb+log+cgb,0.7136650986198989
656,xgb+lda+log,0.7206542022482907
657,xgb+lda+nb,0.7205824034637114
658,xgb+lda+knn,0.7269760176245563
659,xgb+lda+svc,0.7256928288678546
660,xgb+lda+rf,0.7255755674065727
661,xgb+lda+hgb,0.7152785497138939
662,xgb+lda+lgb,0.722225484474415
663,xgb+lda+cgb,0.7255506456933652
664,xgb+nb+log,0.715002819177517
665,xgb+nb+lda,0.7187967182699082
666,xgb+nb+knn,0.7038675442391373
667,xgb+nb+svc,0.7096274460585688
668,xgb+nb+rf,0.706868301857666
669,xgb+nb+hgb,0.6953149925958362
670,xgb+nb+lgb,0.6978084033276593
671,xgb+nb+cgb,0.7069997582742691
672,xgb+knn+log,0.7225914356451013
673,xgb+knn+lda,0.7254562699230825
674,xgb+knn+nb,0.697018627627671
675,xgb+knn+svc,0.7135884059500269
676,xgb+knn+rf,0.7148511411180591
677,xgb+knn+hgb,0.7130007216680336
678,xgb+knn+lgb,0.7108918550158078
679,xgb+knn+cgb,0.7105062976562995
680,xgb+svc+log,0.7180403130468727
681,xgb+svc+lda,0.7295157365515959
682,xgb+svc+nb,0.7135217587639116
683,xgb+svc+knn,0.7089594202802776
684,xgb+svc+rf,0.7140252802599107
685,xgb+svc+hgb,0.7101057254446218
686,xgb+svc+lgb,0.7132509079423254
687,xgb+svc+cgb,0.7129289119262716
688,xgb+rf+log,0.7192641802362196
689,xgb+rf+lda,0.725664863035482
690,xgb+rf+nb,0.7010960535713819
691,xgb+rf+knn,0.7114850961654483
692,xgb+rf+svc,0.7156439206558113
693,xgb+rf+hgb,0.7062449636779354
694,xgb+rf+lgb,0.7099885946732465
695,xgb+rf+cgb,0.7089826156070367
696,xgb+hgb+log,0.7140203583750406
697,xgb+hgb+lda,0.721733406882716
698,xgb+hgb+nb,0.705943993146178
699,xgb+hgb+knn,0.7055309535569638
700,xgb+hgb+svc,0.7153684275310266
701,xgb+hgb+rf,0.7062785322267782
702,xgb+hgb+lgb,0.7095782760527231
703,xgb+hgb+cgb,0.7099811261108685
704,xgb+lgb+log,0.7181105506384728
705,xgb+lgb+lda,0.7250615029072571
706,xgb+lgb+nb,0.7042251333939663
707,xgb+lgb+knn,0.7155541894781726
708,xgb+lgb+svc,0.7134794789294734
709,xgb+lgb+rf,0.7094725193108185
710,xgb+lgb+hgb,0.7074271617562656
711,xgb+lgb+cgb,0.7138440864675706
712,xgb+cgb+log,0.7198638729307
713,xgb+cgb+lda,0.7230352360117841
714,xgb+cgb+nb,0.7062353724633572
715,xgb+cgb+knn,0.7061022945804073
716,xgb+cgb+svc,0.7144705855419992
717,xgb+cgb+rf,0.7081567256109411
718,xgb+cgb+hgb,0.7087849078852574
719,xgb+cgb+lgb,0.7076335067009858
